<configuration scan="true">

  <appender name="FILE" class="ch.qos.logback.core.rolling.RollingFileAppender">
    <file>jetty/logs/myplumbr.log</file>
    <rollingPolicy class="ch.qos.logback.core.rolling.TimeBasedRollingPolicy">
      <!-- daily rollover -->
      <fileNamePattern>jetty/logs/myplumbr.%d{yyyyMMdd}.log</fileNamePattern>
      <maxHistory>120</maxHistory>
    </rollingPolicy>
    <encoder>
      <pattern>%d %-5level %logger{35} - %msg%n
      </pattern>
    </encoder>
  </appender>

  <logger name="eu.plumbr" level="DEBUG"/>

  <root level="info">
    <appender-ref ref="FILE"/>
  </root>
</configuration>
