<?xml version="1.0"?>
<!DOCTYPE Configure PUBLIC "-//Jetty//Configure//EN" "http://www.eclipse.org/jetty/configure.dtd">

<Configure id="Server" class="org.eclipse.jetty.server.Server">

   <New id="plumbrDS" class="org.eclipse.jetty.plus.jndi.Resource">
     <Arg></Arg>
     <Arg>jdbc/plumbrDS</Arg>
     <Arg>
       <New class="com.jolbox.bonecp.BoneCPDataSource">
         <Set name="driverClass">com.mysql.jdbc.Driver</Set>
         <Set name="jdbcUrl">@jdbcUrl@</Set>
         <Set name="username">@jdbcUsername@</Set>
         <Set name="password">@jdbcPassword@</Set>
         <Set name="minConnectionsPerPartition">5</Set>
         <Set name="maxConnectionsPerPartition">50</Set>
         <Set name="acquireIncrement">5</Set>
         <Set name="idleConnectionTestPeriodInMinutes">30</Set>
      </New>
    </Arg>
  </New>

</Configure>
